名称,路径,类型,年份,体积(字节)
CFA道德（2025考纲）-三级别通用.pdf,/CFA2026/25&26年CFA二级电子资料/CFA道德（2025考纲）-三级别通用.pdf,文件,2026,30789239
CFA三级,/cfa三级/CFA/最新cfa frm电子资料/CFA三级,文件夹,0,
2024CFA三级notes,/cfa三级/CFA/最新cfa frm电子资料/CFA三级/2024CFA三级notes,文件夹,2024,
CFA 2024 Level III - Schweser Quicksheet.pdf,/cfa三级/CFA/最新cfa frm电子资料/CFA三级/2024CFA三级notes/CFA 2024 Level III - Schweser Quicksheet.pdf,文件,2024,1117760
CFA 2024 Level III - SchweserNotes Book 1.pdf,/cfa三级/CFA/最新cfa frm电子资料/CFA三级/2024CFA三级notes/CFA 2024 Level III - SchweserNotes Book 1.pdf,文件,2024,2098903
CFA 2024 Level III - SchweserNotes Book 2.pdf,/cfa三级/CFA/最新cfa frm电子资料/CFA三级/2024CFA三级notes/CFA 2024 Level III - SchweserNotes Book 2.pdf,文件,2024,3420376
CFA 2024 Level III - SchweserNotes Book 3.pdf,/cfa三级/CFA/最新cfa frm电子资料/CFA三级/2024CFA三级notes/CFA 2024 Level III - SchweserNotes Book 3.pdf,文件,2024,4872513
CFA 2024 Level III - SchweserNotes Book 4.pdf,/cfa三级/CFA/最新cfa frm电子资料/CFA三级/2024CFA三级notes/CFA 2024 Level III - SchweserNotes Book 4.pdf,文件,2024,2891345
CFA 2024 Level III - SchweserNotes Book 5.pdf,/cfa三级/CFA/最新cfa frm电子资料/CFA三级/2024CFA三级notes/CFA 2024 Level III - SchweserNotes Book 5.pdf,文件,2024,3852362
2024年CFA三级教材,/cfa三级/CFA/最新cfa frm电子资料/CFA三级/2024年CFA三级教材,文件夹,2024,
CFA 2024 Curriculum L3 Vol 1.pdf,/cfa三级/CFA/最新cfa frm电子资料/CFA三级/2024年CFA三级教材/2024年教材/CFA 2024 Curriculum L3 Vol 1.pdf,文件,2024,11162573
CFA 2024 Curriculum L3 Vol 2.pdf,/cfa三级/CFA/最新cfa frm电子资料/CFA三级/2024年CFA三级教材/2024年教材/CFA 2024 Curriculum L3 Vol 2.pdf,文件,2024,10496425
CFA 2024 Curriculum L3 Vol 3.pdf,/cfa三级/CFA/最新cfa frm电子资料/CFA三级/2024年CFA三级教材/2024年教材/CFA 2024 Curriculum L3 Vol 3.pdf,文件,2024,10160078
CFA 2024 Curriculum L3 Vol 4.pdf,/cfa三级/CFA/最新cfa frm电子资料/CFA三级/2024年CFA三级教材/2024年教材/CFA 2024 Curriculum L3 Vol 4.pdf,文件,2024,5422343
CFA 2024 Curriculum L3 Vol 5.pdf,/cfa三级/CFA/最新cfa frm电子资料/CFA三级/2024年CFA三级教材/2024年教材/CFA 2024 Curriculum L3 Vol 5.pdf,文件,2024,5344861
CFA 2024 Curriculum L3 Vol 6.pdf,/cfa三级/CFA/最新cfa frm电子资料/CFA三级/2024年CFA三级教材/2024年教材/CFA 2024 Curriculum L3 Vol 6.pdf,文件,2024,2463424
2024 CFA Level III - SchweserNotes,/cfa三级/CFA2级/大语文等多个文件等多个文件/2024/CFA一级2024/24cfa一级电子版资料/2024 CFA Level III - SchweserNotes,文件夹,2024,
CFA 2024 Level III - SchweserNotes Book 5.pdf,/cfa三级/CFA2级/大语文等多个文件等多个文件/2024/CFA一级2024/24cfa一级电子版资料/2024 CFA Level III - SchweserNotes/CFA 2024 Level III - SchweserNotes Book 5.pdf,文件,2024,4006589
CFA三级,/cfa三级/CFA2级/大语文等多个文件等多个文件/CFA三级,文件夹,0,
CFA三级2023,/cfa三级/CFA2级/大语文等多个文件等多个文件/CFA三级/CFA三级2023,文件夹,2023,
2023.8CFA三级GD,/cfa三级/CFA2级/大语文等多个文件等多个文件/CFA三级/CFA三级2023/2023.8CFA三级GD,文件夹,2023,
01-CFA L3 Economic Introduction.mp4,/cfa三级/CFA2级/大语文等多个文件等多个文件/CFA三级/CFA三级2023/2023.8CFA三级GD/02-知识精讲/02-Economic/Chen/01-CFA L3 Economic Introduction.mp4,文件,2023,32220353
21-Summary of CFA L3 Economic.mp4,/cfa三级/CFA2级/大语文等多个文件等多个文件/CFA三级/CFA三级2023/2023.8CFA三级GD/02-知识精讲/02-Economic/Chen/21-Summary of CFA L3 Economic.mp4,文件,2023,72890983
2023.8CFA三级JC,/cfa三级/CFA2级/大语文等多个文件等多个文件/CFA三级/CFA三级2023/2023.8CFA三级JC,文件夹,2023,
01.CFA LEVEL III Basic.mp4,/cfa三级/CFA2级/大语文等多个文件等多个文件/CFA三级/CFA三级2023/2023.8CFA三级JC/1-前导班/【2】框架介绍2/01.CFA LEVEL III Basic.mp4,文件,2023,365688120
CFA三级基础段SS1_行为金融学_Bob_金程教育,/cfa三级/CFA2级/大语文等多个文件等多个文件/CFA三级/CFA三级2023/2023.8CFA三级JC/2-基础班/01-SS1行为金融学/Bob Hong/CFA三级基础段SS1_行为金融学_Bob_金程教育,文件夹,2023,
CFA三级基础段SS1_行为金融学_Bob_金程教育（标准版）.pdf,/cfa三级/CFA2级/大语文等多个文件等多个文件/CFA三级/CFA三级2023/2023.8CFA三级JC/2-基础班/01-SS1行为金融学/Bob Hong/CFA三级基础段SS1_行为金融学_Bob_金程教育/CFA三级基础段SS1_行为金融学_Bob_金程教育（标准版）.pdf,文件,2023,718525
CFA三级基础段资产配置_Jcy_打印版.pdf,/cfa三级/CFA2级/大语文等多个文件等多个文件/CFA三级/CFA三级2023/2023.8CFA三级JC/2-基础班/02-SS3资产配置/Jcy/CFA三级基础段资产配置_Jcy_打印版.pdf,文件,2023,2289140
CFA三级基础段SS3_资产配置_Vincent_金程教育,/cfa三级/CFA2级/大语文等多个文件等多个文件/CFA三级/CFA三级2023/2023.8CFA三级JC/2-基础班/02-SS3资产配置/Vincent Lin/CFA三级基础段SS3_资产配置_Vincent_金程教育,文件夹,2023,
CFA三级基础段固定收益_Tom_金程_标准版.pdf,/cfa三级/CFA2级/大语文等多个文件等多个文件/CFA三级/CFA三级2023/2023.8CFA三级JC/2-基础班/05-SS5-6固定收益组合管理/Tom Han/CFA三级基础段固定收益_Tom_金程_标准版.pdf,文件,2023,2454489
CFA三级基础段权益_Irene_金程教育_打印版.pdf,/cfa三级/CFA2级/大语文等多个文件等多个文件/CFA三级/CFA三级2023/2023.8CFA三级JC/2-基础班/06-SS7-8权益组合管理/Irene Wang/CFA三级基础段权益_Irene_金程教育_打印版.pdf,文件,2023,685866
CFA三级基础段另类_Irene_金程（打印版）_removed.pdf,/cfa三级/CFA2级/大语文等多个文件等多个文件/CFA三级/CFA三级2023/2023.8CFA三级JC/2-基础班/07-SS9 Alternative Investments for Portfolio Management/Irene Wang/CFA三级基础段另类_Irene_金程（打印版）_removed.pdf,文件,2023,452314
CFA三级基础段另类_Icy_金程_打印版.pdf,/cfa三级/CFA2级/大语文等多个文件等多个文件/CFA三级/CFA三级2023/2023.8CFA三级JC/2-基础班/07-SS9 Alternative Investments for Portfolio Management/Jcy/CFA三级基础段另类_Icy_金程_打印版.pdf,文件,2023,485571
CFA三级私人财富管理+Irene+打印版.pdf,/cfa三级/CFA2级/大语文等多个文件等多个文件/CFA三级/CFA三级2023/2023.8CFA三级JC/2-基础班/08-SS10-11 Private Wealth Management/Irene Wang/CFA三级私人财富管理+Irene+打印版.pdf,文件,2023,692881
CFA三级基础段道德_Bob_金程教育_标准版.pdf,/cfa三级/CFA2级/大语文等多个文件等多个文件/CFA三级/CFA三级2023/2023.8CFA三级JC/2-基础班/12-SS15-16 Ethical and Professional Standards/Bob/CFA三级基础段道德_Bob_金程教育_标准版.pdf,文件,2023,4413032
CFA三级经典题_CME_金程教育（打印版）.pdf,/cfa三级/CFA2级/大语文等多个文件等多个文件/CFA三级/CFA三级2023/2023.8CFA三级JC/4.经典题 (旧题参考)/讲义/CFA三级经典题_CME_金程教育（打印版）.pdf,文件,2023,478275
CFA三级经典题_CME_金程教育（标准版） .pdf,/cfa三级/CFA2级/大语文等多个文件等多个文件/CFA三级/CFA三级2023/2023.8CFA三级JC/4.经典题 (旧题参考)/讲义/CFA三级经典题_CME_金程教育（标准版） .pdf,文件,2023,579966
CFA三级经典题_SS13_打印版.pdf,/cfa三级/CFA2级/大语文等多个文件等多个文件/CFA三级/CFA三级2023/2023.8CFA三级JC/4.经典题 (旧题参考)/讲义/CFA三级经典题_SS13_打印版.pdf,文件,2023,141721
CFA三级经典题_SS13_标准版.pdf,/cfa三级/CFA2级/大语文等多个文件等多个文件/CFA三级/CFA三级2023/2023.8CFA三级JC/4.经典题 (旧题参考)/讲义/CFA三级经典题_SS13_标准版.pdf,文件,2023,539118
CFA三级经典题_另类_金程教育（标准版）.pdf,/cfa三级/CFA2级/大语文等多个文件等多个文件/CFA三级/CFA三级2023/2023.8CFA三级JC/4.经典题 (旧题参考)/讲义/CFA三级经典题_另类_金程教育（标准版）.pdf,文件,2023,858374
CFA三级经典题_固收_金程教育(打印版).pdf,/cfa三级/CFA2级/大语文等多个文件等多个文件/CFA三级/CFA三级2023/2023.8CFA三级JC/4.经典题 (旧题参考)/讲义/CFA三级经典题_固收_金程教育(打印版).pdf,文件,2023,953635
CFA三级经典题_权益_金程教育(打印版).pdf,/cfa三级/CFA2级/大语文等多个文件等多个文件/CFA三级/CFA三级2023/2023.8CFA三级JC/4.经典题 (旧题参考)/讲义/CFA三级经典题_权益_金程教育(打印版).pdf,文件,2023,891081
CFA三级经典题_行为金融学_金程教育(打印版).pdf,/cfa三级/CFA2级/大语文等多个文件等多个文件/CFA三级/CFA三级2023/2023.8CFA三级JC/4.经典题 (旧题参考)/讲义/CFA三级经典题_行为金融学_金程教育(打印版).pdf,文件,2023,442183
CFA三级经典题_衍生_金程教育（打印版）.pdf,/cfa三级/CFA2级/大语文等多个文件等多个文件/CFA三级/CFA三级2023/2023.8CFA三级JC/4.经典题 (旧题参考)/讲义/CFA三级经典题_衍生_金程教育（打印版）.pdf,文件,2023,814371
CFA三级经典题_资产配置_金程教育（打印）.pdf,/cfa三级/CFA2级/大语文等多个文件等多个文件/CFA三级/CFA三级2023/2023.8CFA三级JC/4.经典题 (旧题参考)/讲义/CFA三级经典题_资产配置_金程教育（打印）.pdf,文件,2023,795147
CFA三级经典题_道德_金程教育(打印版).pdf,/cfa三级/CFA2级/大语文等多个文件等多个文件/CFA三级/CFA三级2023/2023.8CFA三级JC/4.经典题 (旧题参考)/讲义/CFA三级经典题_道德_金程教育(打印版).pdf,文件,2023,840713
CFA三级百题_题目.pdf,/cfa三级/CFA2级/大语文等多个文件等多个文件/CFA三级/CFA三级2023/2023.8CFA三级JC/5.百题/百题题目/三级百题/CFA三级百题_题目.pdf,文件,2023,4331354
CFA三级百题_学员版_答案_金程教育.pdf,/cfa三级/CFA2级/大语文等多个文件等多个文件/CFA三级/CFA三级2023/2023.8CFA三级JC/5.百题2022/百题一/CFA三级百题_学员版_答案_金程教育.pdf,文件,2023,3247044
CFA三级百题_学员版_题目_金程教育.pdf,/cfa三级/CFA2级/大语文等多个文件等多个文件/CFA三级/CFA三级2023/2023.8CFA三级JC/5.百题2022/百题一/CFA三级百题_学员版_题目_金程教育.pdf,文件,2023,4946743
CFA三级密卷_答案.pdf,/cfa三级/CFA2级/大语文等多个文件等多个文件/CFA三级/CFA三级2023/2023.8CFA三级JC/7.密卷/CFA三级密卷_答案.pdf,文件,2023,730563
2022CFAL3原版书课后题-.pdf,/cfa三级/CFA2级/大语文等多个文件等多个文件/CFA三级/CFA三级2023/资料包/2022课后习题/2022CFAL3原版书课后题-.pdf,文件,2023,3213643
2023CFA三级notes,/cfa三级/CFA2级/大语文等多个文件等多个文件/CFA三级/CFA三级2023/资料包/2023CFA三级notes,文件夹,2023,
CFA 2023 Level III - SchweserNotes Book 2.pdf,/cfa三级/CFA2级/大语文等多个文件等多个文件/CFA三级/CFA三级2023/资料包/2023CFA三级notes/CFA 2023 Level III - SchweserNotes Book 2.pdf,文件,2023,5789800
CFA 2023 Level III - SchweserNotes Book 5.pdf,/cfa三级/CFA2级/大语文等多个文件等多个文件/CFA三级/CFA三级2023/资料包/2023CFA三级notes/CFA 2023 Level III - SchweserNotes Book 5.pdf,文件,2023,4396726
2022 CFA L3 原版书课后题.pdf,/cfa三级/CFA2级/大语文等多个文件等多个文件/CFA三级/CFA三级2023/资料包/22年资料/2022 CFA L3 原版书课后题.pdf,文件,2023,3036442
2022CFA三级notes,/cfa三级/CFA2级/大语文等多个文件等多个文件/CFA三级/CFA三级2023/资料包/22年资料/2022CFA三级notes,文件夹,2023,
2022年CFA三级notes book 3.pdf,/cfa三级/CFA2级/大语文等多个文件等多个文件/CFA三级/CFA三级2023/资料包/22年资料/2022CFA三级notes/2022年CFA三级notes book 3.pdf,文件,2023,5435712
2022年CFA三级notes book 4.pdf,/cfa三级/CFA2级/大语文等多个文件等多个文件/CFA三级/CFA三级2023/资料包/22年资料/2022CFA三级notes/2022年CFA三级notes book 4.pdf,文件,2023,4075867
CFA 2022 Level III - Schweser Quicksheet.pdf,/cfa三级/CFA2级/大语文等多个文件等多个文件/CFA三级/CFA三级2023/资料包/22年资料/2022CFA三级notes/CFA 2022 Level III - Schweser Quicksheet.pdf,文件,2023,626857
品职CFA三级资料,/cfa三级/CFA2级/大语文等多个文件等多个文件/CFA三级/CFA三级2023/资料包/22年资料/品职CFA三级资料,文件夹,2023,
2022品职道德三级别通用版讲义 更新.pdf,/cfa三级/CFA2级/大语文等多个文件等多个文件/CFA三级/CFA三级2023/资料包/22年资料/品职CFA三级资料/2022品职道德三级别通用版讲义 更新.pdf,文件,2023,52111537
2022.05 品职教育 CFA III Derivatives and Currency Management 知识框架图.pdf,/cfa三级/CFA2级/大语文等多个文件等多个文件/CFA三级/CFA三级2023/资料包/22年资料/品职CFA三级资料/CFA三级框架图/2022.05 品职教育 CFA III Derivatives and Currency Management 知识框架图.pdf,文件,2023,2808170
品职教育 CFA III fixed income知识框架图 何旋.pdf,/cfa三级/CFA2级/大语文等多个文件等多个文件/CFA三级/CFA三级2023/资料包/22年资料/品职CFA三级资料/CFA三级框架图/品职教育 CFA III fixed income知识框架图 何旋.pdf,文件,2023,6717846
品职教育 CFA III institutional IPS 知识框架图 何旋.pdf,/cfa三级/CFA2级/大语文等多个文件等多个文件/CFA三级/CFA三级2023/资料包/22年资料/品职CFA三级资料/CFA三级框架图/品职教育 CFA III institutional IPS 知识框架图 何旋.pdf,文件,2023,4339867
品职教育2022年5月CFA三级知识框架图_Asset Allocation_何旋（水印版）.pdf,/cfa三级/CFA2级/大语文等多个文件等多个文件/CFA三级/CFA三级2023/资料包/22年资料/品职CFA三级资料/CFA三级框架图/品职教育2022年5月CFA三级知识框架图_Asset Allocation_何旋（水印版）.pdf,文件,2023,3480296
品职教育2022年5月CFA三级知识框架图_GIPS.pdf,/cfa三级/CFA2级/大语文等多个文件等多个文件/CFA三级/CFA三级2023/资料包/22年资料/品职CFA三级资料/CFA三级框架图/品职教育2022年5月CFA三级知识框架图_GIPS.pdf,文件,2023,1381779
品职教育2022年CFA三级知识框架图_Alternative_李斯克_05月.pdf,/cfa三级/CFA2级/大语文等多个文件等多个文件/CFA三级/CFA三级2023/资料包/22年资料/品职CFA三级资料/CFA三级框架图/品职教育2022年CFA三级知识框架图_Alternative_李斯克_05月.pdf,文件,2023,3957920
品职教育_2022.05_CFA_三级_知识框架图_Behavioral Finance_李斯克（水印版）.pdf,/cfa三级/CFA2级/大语文等多个文件等多个文件/CFA三级/CFA三级2023/资料包/22年资料/品职CFA三级资料/CFA三级框架图/品职教育_2022.05_CFA_三级_知识框架图_Behavioral Finance_李斯克（水印版）.pdf,文件,2023,674742
CFA错题本（三级）,/cfa三级/CFA2级/大语文等多个文件等多个文件/CFA三级/CFA三级2023/资料包/22年资料/品职CFA三级资料/CFA错题本（三级）,文件夹,2023,
2022年CFA三级错题本合集_纯图版.pdf,/cfa三级/CFA2级/大语文等多个文件等多个文件/CFA三级/CFA三级2023/资料包/22年资料/品职CFA三级资料/CFA错题本（三级）/2022年CFA三级错题本合集_纯图版.pdf,文件,2023,16660687
CFA三级中文精讲,/cfa三级/CFA2级/大语文等多个文件等多个文件/CFA三级/CFA三级2023/资料包/CFA三级中文精讲,文件夹,2023,
CFA三级中文精讲  3_14588450.pdf,/cfa三级/CFA2级/大语文等多个文件等多个文件/CFA三级/CFA三级2023/资料包/CFA三级中文精讲/CFA三级中文精讲  3_14588450.pdf,文件,2023,48093511
CFA三级中文精讲 1  _14588448.pdf,/cfa三级/CFA2级/大语文等多个文件等多个文件/CFA三级/CFA三级2023/资料包/CFA三级中文精讲/CFA三级中文精讲 1  _14588448.pdf,文件,2023,55972095
CFA三级中文精讲 2  _14588449.pdf,/cfa三级/CFA2级/大语文等多个文件等多个文件/CFA三级/CFA三级2023/资料包/CFA三级中文精讲/CFA三级中文精讲 2  _14588449.pdf,文件,2023,61851954
CFA三级主观写作讲解（赠送）,/cfa三级/CFA2级/大语文等多个文件等多个文件/CFA三级/CFA三级2023/资料包/CFA三级主观写作讲解（赠送）,文件夹,2023,
10.CFA三级课后写作题_SS14.pdf,/cfa三级/CFA2级/大语文等多个文件等多个文件/CFA三级/CFA三级2023/资料包/CFA三级主观写作讲解（赠送）/0.讲义/10.CFA三级课后写作题_SS14.pdf,文件,2023,418263
11.CFA三级课后写作题_道德.pdf,/cfa三级/CFA2级/大语文等多个文件等多个文件/CFA三级/CFA三级2023/资料包/CFA三级主观写作讲解（赠送）/0.讲义/11.CFA三级课后写作题_道德.pdf,文件,2023,361184
5.CFA三级课后写作题_衍生品.pdf,/cfa三级/CFA2级/大语文等多个文件等多个文件/CFA三级/CFA三级2023/资料包/CFA三级主观写作讲解（赠送）/0.讲义/5.CFA三级课后写作题_衍生品.pdf,文件,2023,494023
6.CFA三级课后写作题_固定收益.pdf,/cfa三级/CFA2级/大语文等多个文件等多个文件/CFA三级/CFA三级2023/资料包/CFA三级主观写作讲解（赠送）/0.讲义/6.CFA三级课后写作题_固定收益.pdf,文件,2023,280360
8.CFA三级课后写作题_私人财富管理.pdf,/cfa三级/CFA2级/大语文等多个文件等多个文件/CFA三级/CFA三级2023/资料包/CFA三级主观写作讲解（赠送）/0.讲义/8.CFA三级课后写作题_私人财富管理.pdf,文件,2023,508628
CFA三级十年真题 2008-2017,/cfa三级/CFA2级/大语文等多个文件等多个文件/CFA三级/CFA三级2023/资料包/CFA三级十年真题 2008-2017,文件夹,2023,
CFA三级IPS写作_Irene_金程教育_标准版.pdf,/cfa三级/CFA2级/大语文等多个文件等多个文件/CFA三级/CFA三级2023/资料包/IPS写作/CFA三级IPS写作_Irene_金程教育_标准版.pdf,文件,2023,2434126
32-CFA协会各项目参与者的行为.mp4,/cfa三级/CFA2级/大语文等多个文件等多个文件/CFA三级/CFA三级2023/资料包/王牌陈讲道德123级通用/32-CFA协会各项目参与者的行为.mp4,文件,2023,447219227
Cfa三级 2024,/cfa三级/CFA2级/大语文等多个文件等多个文件/CFA三级/Cfa三级 2024,文件夹,2024,
cfa-program2024L3V4.pdf,/cfa三级/CFA2级/大语文等多个文件等多个文件/CFA三级/Cfa三级 2024/2024年三级教材/cfa-program2024L3V4.pdf,文件,2024,5452122
cfa-program2024L3V4（AL、个人IPS） (1).PDF,/cfa三级/CFA2级/大语文等多个文件等多个文件/CFA三级/Cfa三级 2024/2024年三级教材/cfa-program2024L3V4（AL、个人IPS） (1).PDF,文件,2024,5214200
cfa-program2024L3V5（机构IPS、交易、Case）.PDF,/cfa三级/CFA2级/大语文等多个文件等多个文件/CFA三级/Cfa三级 2024/2024年三级教材/cfa-program2024L3V5（机构IPS、交易、Case）.PDF,文件,2024,4138894
cfa-program2024L3V6（Ethics、GIPS）.PDF,/cfa三级/CFA2级/大语文等多个文件等多个文件/CFA三级/Cfa三级 2024/2024年三级教材/cfa-program2024L3V6（Ethics、GIPS）.PDF,文件,2024,2943113
01.CFA L3 Economic Introduction.mp4,/cfa三级/CFA2级/大语文等多个文件等多个文件/CFA三级/Cfa三级 2024/G的/1.核心知识精讲/1.经济学/chen/01.CFA L3 Economic Introduction.mp4,文件,2024,750291973
21.Summary of CFA L3 Economic.mp4,/cfa三级/CFA2级/大语文等多个文件等多个文件/CFA三级/Cfa三级 2024/G的/1.核心知识精讲/1.经济学/chen/21.Summary of CFA L3 Economic.mp4,文件,2024,1075506235
CFA三级基础班CME-韩霄-（打印版）.pdf,/cfa三级/CFA2级/大语文等多个文件等多个文件/CFA三级/Cfa三级 2024/G的/1.核心知识精讲/讲义/CFA三级基础班CME-韩霄-（打印版）.pdf,文件,2024,833217
CFA三级基础班CME_韩霄（标准版）.pdf,/cfa三级/CFA2级/大语文等多个文件等多个文件/CFA三级/Cfa三级 2024/G的/1.核心知识精讲/讲义/CFA三级基础班CME_韩霄（标准版）.pdf,文件,2024,993998
CFA三级基础班另类-王慧琳-（打印版）.pdf,/cfa三级/CFA2级/大语文等多个文件等多个文件/CFA三级/Cfa三级 2024/G的/1.核心知识精讲/讲义/CFA三级基础班另类-王慧琳-（打印版）.pdf,文件,2024,609676
CFA三级基础班道德-林正-（打印版）.pdf,/cfa三级/CFA2级/大语文等多个文件等多个文件/CFA三级/Cfa三级 2024/G的/1.核心知识精讲/讲义/CFA三级基础班道德-林正-（打印版）.pdf,文件,2024,1392933
CFA三级基础衍生_周琪（标准版）.pdf,/cfa三级/CFA2级/大语文等多个文件等多个文件/CFA三级/Cfa三级 2024/G的/1.核心知识精讲/讲义/CFA三级基础衍生_周琪（标准版）.pdf,文件,2024,2266323
CFA三级基础班机构IPS-王慧琳-（打印版）.pdf,/cfa三级/CFA2级/大语文等多个文件等多个文件/CFA三级/Cfa三级 2024/J的/2.基础精讲/讲义/CFA三级基础班机构IPS-王慧琳-（打印版）.pdf,文件,2024,653684
CFA三级基础班机构IPS-王慧琳-（标准版）.pdf,/cfa三级/CFA2级/大语文等多个文件等多个文件/CFA三级/Cfa三级 2024/J的/2.基础精讲/讲义/CFA三级基础班机构IPS-王慧琳-（标准版）.pdf,文件,2024,835829
2024年CFA三级强化段CME(标准版）.pdf,/cfa三级/CFA2级/大语文等多个文件等多个文件/CFA三级/Cfa三级 2024/J的/5.强化串讲/讲义/2024年CFA三级强化段CME(标准版）.pdf,文件,2024,1736845
2024年CFA三级强化段交易(打印版）.pdf,/cfa三级/CFA2级/大语文等多个文件等多个文件/CFA三级/Cfa三级 2024/J的/5.强化串讲/讲义/2024年CFA三级强化段交易(打印版）.pdf,文件,2024,788212
2024年CFA三级强化段衍生(打印版）.pdf,/cfa三级/CFA2级/大语文等多个文件等多个文件/CFA三级/Cfa三级 2024/J的/5.强化串讲/讲义/2024年CFA三级强化段衍生(打印版）.pdf,文件,2024,689758
2024年CFA三级强化段衍生(标准版）.pdf,/cfa三级/CFA2级/大语文等多个文件等多个文件/CFA三级/Cfa三级 2024/J的/5.强化串讲/讲义/2024年CFA三级强化段衍生(标准版）.pdf,文件,2024,2100066
2024年CFA三级强化段道德(打印版）.pdf,/cfa三级/CFA2级/大语文等多个文件等多个文件/CFA三级/Cfa三级 2024/J的/5.强化串讲/讲义/2024年CFA三级强化段道德(打印版）.pdf,文件,2024,934187
品职教育 CFA III 经典题 Equity Portfolio Management 有答案.pdf,/cfa三级/CFA2级/大语文等多个文件等多个文件/CFA三级/Cfa三级 2024/P的/4.经典题通关课/讲义/品职教育 CFA III 经典题 Equity Portfolio Management 有答案.pdf,文件,2024,41494956
"品职教育 CFA III 经典题 Trading, Performance Evaluation, and Manager Selection 有答案.pdf","/cfa三级/CFA2级/大语文等多个文件等多个文件/CFA三级/Cfa三级 2024/P的/4.经典题通关课/讲义/品职教育 CFA III 经典题 Trading, Performance Evaluation, and Manager Selection 有答案.pdf",文件,2024,19932823
4.CFA II Derivatives,/cfa三级/CFA2级/大语文等多个文件等多个文件/CFA三级/Cfa三级 2024/P的/早读课/4.CFA II Derivatives,文件夹,2024,
1.品职教育 CFA I Derivatives.pdf,/cfa三级/CFA2级/大语文等多个文件等多个文件/CFA三级/Cfa三级 2024/P的/早读课/讲义/1.品职教育 CFA I Derivatives.pdf,文件,2024,32619713
1.品职教育 CFA II Derivatives.pdf,/cfa三级/CFA2级/大语文等多个文件等多个文件/CFA三级/Cfa三级 2024/P的/早读课/讲义/1.品职教育 CFA II Derivatives.pdf,文件,2024,46963108
1.品职教育 CFA III Trading， Performance Evaluation and Manager Selection.pdf,/cfa三级/CFA2级/大语文等多个文件等多个文件/CFA三级/Cfa三级 2024/P的/精品基础课/09.Trading_ Performance Evaluation and Manager Selection/1.品职教育 CFA III Trading， Performance Evaluation and Manager Selection.pdf,文件,2024,60563445
2.品职教育 CFA III Fixed Income (Part 2).pdf,/cfa三级/CFA2级/大语文等多个文件等多个文件/CFA三级/Cfa三级 2024/P的/精品基础课/讲义/2.品职教育 CFA III Fixed Income (Part 2).pdf,文件,2024,62912475
2024 CFA Level III - SchweserNotes,/cfa三级/CFA2级/大语文等多个文件等多个文件/CFA三级/Cfa三级 2024/三级24资料包/2024 CFA Level III - SchweserNotes,文件夹,2024,
CFA 2024 Level III - SchweserNotes Book 2.pdf,/cfa三级/CFA2级/大语文等多个文件等多个文件/CFA三级/Cfa三级 2024/三级24资料包/2024 CFA Level III - SchweserNotes/CFA 2024 Level III - SchweserNotes Book 2.pdf,文件,2024,3779386
CFA 2024 Level III Schweser's Quicksheet .pdf,/cfa三级/CFA2级/大语文等多个文件等多个文件/CFA三级/Cfa三级 2024/三级24资料包/2024 CFA Level III - SchweserNotes/CFA 2024 Level III Schweser's Quicksheet .pdf,文件,2024,1117760
Cfa三级大佬笔记,/cfa三级/CFA2级/大语文等多个文件等多个文件/CFA三级/Cfa三级 2024/三级24资料包/Cfa三级大佬笔记,文件夹,2024,
CFA三级基础段行为金融_Jcy_标准版.pdf,/cfa三级/CFA2级/大语文等多个文件等多个文件/CFA三级/Cfa三级 2024/三级24资料包/Cfa三级大佬笔记/CFA三级基础段行为金融_Jcy_标准版.pdf,文件,2024,14924101
1.品职教育 CFA III 例题课 Capital Market Expectations.pdf,/cfa三级/CFA2级/大语文等多个文件等多个文件/CFA三级/Cfa三级 2024/三级24资料包/Cfa三级大佬笔记/原版书/A习题汇总/例题/1.品职教育 CFA III 例题课 Capital Market Expectations.pdf,文件,2024,16885866
10.品职教育 CFA III 例题课 Trading & Performance.pdf,/cfa三级/CFA2级/大语文等多个文件等多个文件/CFA三级/Cfa三级 2024/三级24资料包/Cfa三级大佬笔记/原版书/A习题汇总/例题/10.品职教育 CFA III 例题课 Trading & Performance.pdf,文件,2024,24043094
2.品职教育 CFA III 例题课 Behavioral Finance.pdf,/cfa三级/CFA2级/大语文等多个文件等多个文件/CFA三级/Cfa三级 2024/三级24资料包/Cfa三级大佬笔记/原版书/A习题汇总/例题/2.品职教育 CFA III 例题课 Behavioral Finance.pdf,文件,2024,1715944
3.品职教育 CFA III 例题课 Private Wealth Management .pdf,/cfa三级/CFA2级/大语文等多个文件等多个文件/CFA三级/Cfa三级 2024/三级24资料包/Cfa三级大佬笔记/原版书/A习题汇总/例题/3.品职教育 CFA III 例题课 Private Wealth Management .pdf,文件,2024,34000289
4.品职教育 CFA III 例题课 Asset Allocation.pdf,/cfa三级/CFA2级/大语文等多个文件等多个文件/CFA三级/Cfa三级 2024/三级24资料包/Cfa三级大佬笔记/原版书/A习题汇总/例题/4.品职教育 CFA III 例题课 Asset Allocation.pdf,文件,2024,30633399
5.品职教育 CFA III 例题课 Equity Portfolio Management.pdf,/cfa三级/CFA2级/大语文等多个文件等多个文件/CFA三级/Cfa三级 2024/三级24资料包/Cfa三级大佬笔记/原版书/A习题汇总/例题/5.品职教育 CFA III 例题课 Equity Portfolio Management.pdf,文件,2024,18448206
6.品职教育 CFA III 例题课 Derivatives and Currency Management.pdf,/cfa三级/CFA2级/大语文等多个文件等多个文件/CFA三级/Cfa三级 2024/三级24资料包/Cfa三级大佬笔记/原版书/A习题汇总/例题/6.品职教育 CFA III 例题课 Derivatives and Currency Management.pdf,文件,2024,47576488
7.品职教育 CFA III 例题课 Alternative Management.pdf,/cfa三级/CFA2级/大语文等多个文件等多个文件/CFA三级/Cfa三级 2024/三级24资料包/Cfa三级大佬笔记/原版书/A习题汇总/例题/7.品职教育 CFA III 例题课 Alternative Management.pdf,文件,2024,24034974
8.品职教育 CFA III 例题课 Portfolio Management for Institutional Investors.pdf,/cfa三级/CFA2级/大语文等多个文件等多个文件/CFA三级/Cfa三级 2024/三级24资料包/Cfa三级大佬笔记/原版书/A习题汇总/例题/8.品职教育 CFA III 例题课 Portfolio Management for Institutional Investors.pdf,文件,2024,16914583
9.品职教育 CFA III 例题课 Fixed-Income Portfolio Management.pdf,/cfa三级/CFA2级/大语文等多个文件等多个文件/CFA三级/Cfa三级 2024/三级24资料包/Cfa三级大佬笔记/原版书/A习题汇总/例题/9.品职教育 CFA III 例题课 Fixed-Income Portfolio Management.pdf,文件,2024,44176239
3.品职教育 CFA III 经典题 Individual IPS 有答案.pdf,/cfa三级/CFA2级/大语文等多个文件等多个文件/CFA三级/Cfa三级 2024/三级24资料包/Cfa三级大佬笔记/原版书/A习题汇总/经典/3.品职教育 CFA III 经典题 Individual IPS 有答案.pdf,文件,2024,33422775
5.品职教育 CFA III 经典题 Capital Market Expectations 有答案.pdf,/cfa三级/CFA2级/大语文等多个文件等多个文件/CFA三级/Cfa三级 2024/三级24资料包/Cfa三级大佬笔记/原版书/A习题汇总/经典/5.品职教育 CFA III 经典题 Capital Market Expectations 有答案.pdf,文件,2024,23865167
7.品职教育 CFA III 经典题 Capital Market Expectations (补充)有答案.pdf,/cfa三级/CFA2级/大语文等多个文件等多个文件/CFA三级/Cfa三级 2024/三级24资料包/Cfa三级大佬笔记/原版书/A习题汇总/经典/7.品职教育 CFA III 经典题 Capital Market Expectations (补充)有答案.pdf,文件,2024,18545305
CFA闪卡（三级）.rar,/cfa三级/CFA2级/大语文等多个文件等多个文件/CFA三级/Cfa三级 2024/三级24资料包/Cfa三级大佬笔记/原版书/CFA闪卡（三级）.rar,文件,2024,27940828
CFA三级SS14机构IPS案例 Irene 标准版.pdf,/cfa三级/CFA2级/大语文等多个文件等多个文件/CFA三级/Cfa三级 2024/三级24资料包/Cfa三级大佬笔记/第一轮 JC基础班笔记/CFA三级SS14机构IPS案例 Irene 标准版.pdf,文件,2024,12756270
CFA三级基础段固定收益_Tom_金程_标准版.pdf,/cfa三级/CFA2级/大语文等多个文件等多个文件/CFA三级/Cfa三级 2024/三级24资料包/Cfa三级大佬笔记/第一轮 JC基础班笔记/CFA三级基础段固定收益_Tom_金程_标准版.pdf,文件,2024,28461807
CFA三级基础段资本市场预期_Irene_标准版.pdf,/cfa三级/CFA2级/大语文等多个文件等多个文件/CFA三级/Cfa三级 2024/三级24资料包/Cfa三级大佬笔记/第一轮 JC基础班笔记/CFA三级基础段资本市场预期_Irene_标准版.pdf,文件,2024,46879656
CFA三级私人财富管理 Irene 标准版.pdf,/cfa三级/CFA2级/大语文等多个文件等多个文件/CFA三级/Cfa三级 2024/三级24资料包/Cfa三级大佬笔记/第一轮 JC基础班笔记/CFA三级私人财富管理 Irene 标准版.pdf,文件,2024,94260796
品职教育2023.08 CFA三级考前押题合集(有答案版).pdf,/cfa三级/CFA2级/大语文等多个文件等多个文件/CFA三级/Cfa三级 2024/三级24资料包/Cfa三级大佬笔记/第一轮 JC基础班笔记/品职教育2023.08 CFA三级考前押题合集(有答案版).pdf,文件,2024,37406416
CFA三级密卷_答案.pdf,/cfa三级/CFA2级/大语文等多个文件等多个文件/CFA三级/Cfa三级 2024/三级24资料包/Cfa三级大佬笔记/第七轮 JC 模考题/CFA三级密卷_答案.pdf,文件,2024,819135
2023年CFA三级模考2_答案.pdf,/cfa三级/CFA2级/大语文等多个文件等多个文件/CFA三级/Cfa三级 2024/三级24资料包/Cfa三级大佬笔记/第七轮 JC 模考题/三级模考/2023年CFA三级模考2_答案.pdf,文件,2024,670665
CFA三级百题_答案.pdf,/cfa三级/CFA2级/大语文等多个文件等多个文件/CFA三级/Cfa三级 2024/三级24资料包/Cfa三级大佬笔记/第三轮 JC 百题（包含历年mock部分题目）/CFA三级百题_答案.pdf,文件,2024,2772248
品职教育 CFA 三级 知识框架图 Alternative.pdf,/cfa三级/CFA2级/大语文等多个文件等多个文件/CFA三级/Cfa三级 2024/三级24资料包/Cfa三级大佬笔记/第二轮 上轮最终奶茶课复习（第一遍课后题后）/最终奶茶课/品职教育 CFA 三级 知识框架图 Alternative.pdf,文件,2024,11765761
品职教育 CFA 三级 知识框架图 Asset Allocation.pdf,/cfa三级/CFA2级/大语文等多个文件等多个文件/CFA三级/Cfa三级 2024/三级24资料包/Cfa三级大佬笔记/第二轮 上轮最终奶茶课复习（第一遍课后题后）/最终奶茶课/品职教育 CFA 三级 知识框架图 Asset Allocation.pdf,文件,2024,10537585
品职教育 CFA 三级 知识框架图 Behavioral Finance.pdf,/cfa三级/CFA2级/大语文等多个文件等多个文件/CFA三级/Cfa三级 2024/三级24资料包/Cfa三级大佬笔记/第二轮 上轮最终奶茶课复习（第一遍课后题后）/最终奶茶课/品职教育 CFA 三级 知识框架图 Behavioral Finance.pdf,文件,2024,8799535
品职教育 CFA 三级 知识框架图 Ethics 要点及案例总结.pdf,/cfa三级/CFA2级/大语文等多个文件等多个文件/CFA三级/Cfa三级 2024/三级24资料包/Cfa三级大佬笔记/第二轮 上轮最终奶茶课复习（第一遍课后题后）/最终奶茶课/品职教育 CFA 三级 知识框架图 Ethics 要点及案例总结.pdf,文件,2024,8959365
品职教育 CFA 三级 知识框架图 GIPS.pdf,/cfa三级/CFA2级/大语文等多个文件等多个文件/CFA三级/Cfa三级 2024/三级24资料包/Cfa三级大佬笔记/第二轮 上轮最终奶茶课复习（第一遍课后题后）/最终奶茶课/品职教育 CFA 三级 知识框架图 GIPS.pdf,文件,2024,6432634
品职教育 CFA 三级 知识框架图 Institutional IPS.pdf,/cfa三级/CFA2级/大语文等多个文件等多个文件/CFA三级/Cfa三级 2024/三级24资料包/Cfa三级大佬笔记/第二轮 上轮最终奶茶课复习（第一遍课后题后）/最终奶茶课/品职教育 CFA 三级 知识框架图 Institutional IPS.pdf,文件,2024,13116491
品职教育 CFA 三级 知识框架图 Trading & Performance.pdf,/cfa三级/CFA2级/大语文等多个文件等多个文件/CFA三级/Cfa三级 2024/三级24资料包/Cfa三级大佬笔记/第二轮 上轮最终奶茶课复习（第一遍课后题后）/最终奶茶课/品职教育 CFA 三级 知识框架图 Trading & Performance.pdf,文件,2024,10655701
2022 CFA L3 原版书课后题比对.pdf,/cfa三级/CFA2级/大语文等多个文件等多个文件/CFA三级/Cfa三级 2024/三级24资料包/Cfa三级大佬笔记/第二轮 课后题整理（重要，反复做了三次，完整版解析包含自己整理的答案解读）/2022 CFA L3 原版书课后题比对.pdf,文件,2024,47575175
第五轮 强化班&品职整理笔记（根据强化班课程自行整理，已分大纲，看品职强化文件夹即可）,/cfa三级/CFA2级/大语文等多个文件等多个文件/CFA三级/Cfa三级 2024/三级24资料包/Cfa三级大佬笔记/第五轮 强化班&品职整理笔记（根据强化班课程自行整理，已分大纲，看品职强化文件夹即可）,文件夹,2024,
品职,/cfa三级/CFA2级/大语文等多个文件等多个文件/CFA三级/Cfa三级 2024/三级24资料包/Cfa三级大佬笔记/第五轮 强化班&品职整理笔记（根据强化班课程自行整理，已分大纲，看品职强化文件夹即可）/品职,文件夹,2024,
品职强化,/cfa三级/CFA2级/大语文等多个文件等多个文件/CFA三级/Cfa三级 2024/三级24资料包/Cfa三级大佬笔记/第五轮 强化班&品职整理笔记（根据强化班课程自行整理，已分大纲，看品职强化文件夹即可）/品职强化,文件夹,2024,
12.品职教育 CFA III 强化串讲 Ethics.pdf,/cfa三级/CFA2级/大语文等多个文件等多个文件/CFA三级/Cfa三级 2024/三级24资料包/Cfa三级大佬笔记/第五轮 强化班&品职整理笔记（根据强化班课程自行整理，已分大纲，看品职强化文件夹即可）/品职强化/12.品职教育 CFA III 强化串讲 Ethics.pdf,文件,2024,8973390
4.品职教育 CFA III 强化串讲 Asset Allocation(OCR).pdf,/cfa三级/CFA2级/大语文等多个文件等多个文件/CFA三级/Cfa三级 2024/三级24资料包/Cfa三级大佬笔记/第五轮 强化班&品职整理笔记（根据强化班课程自行整理，已分大纲，看品职强化文件夹即可）/品职强化/4.品职教育 CFA III 强化串讲 Asset Allocation(OCR).pdf,文件,2024,10574106
品职道德讲义.pdf,/cfa三级/CFA2级/大语文等多个文件等多个文件/CFA三级/Cfa三级 2024/三级24资料包/Cfa三级大佬笔记/第五轮 强化班&品职整理笔记（根据强化班课程自行整理，已分大纲，看品职强化文件夹即可）/品职强化/品职道德讲义.pdf,文件,2024,248275394
品职教育2023年CFA三级主观题抢分百宝袋.pdf,/cfa三级/CFA2级/大语文等多个文件等多个文件/CFA三级/Cfa三级 2024/三级24资料包/Cfa三级大佬笔记/第八轮 错题整理（已按照科目及知识点分类，共700页左右，此外含有个人总结难理解及易混知识点，看最终错题本地版）/最终复习/品职教育2023年CFA三级主观题抢分百宝袋.pdf,文件,2024,10817662
品职教育2023年CFA三级公式密钥配套练习.pdf,/cfa三级/CFA2级/大语文等多个文件等多个文件/CFA三级/Cfa三级 2024/三级24资料包/Cfa三级大佬笔记/第八轮 错题整理（已按照科目及知识点分类，共700页左右，此外含有个人总结难理解及易混知识点，看最终错题本地版）/最终复习/品职教育2023年CFA三级公式密钥配套练习.pdf,文件,2024,24395959
2022_CFA_LIII_MockExamA-Answer Key.pdf,/cfa三级/CFA2级/大语文等多个文件等多个文件/CFA三级/Cfa三级 2024/三级24资料包/Cfa三级大佬笔记/第六轮 历年mock（主要做当年的mock及其他年度的职业伦理）/2022_CFA_LIII_MockExamA-Answer Key.pdf,文件,2024,439376
品职教育2023.08 CFA三级考前押题合集(无答案版).pdf,/cfa三级/CFA2级/大语文等多个文件等多个文件/CFA三级/Cfa三级 2024/三级24资料包/Cfa三级大佬笔记/第六轮 押题（反复做，考前最后一天复习材料）/品职教育2023.08 CFA三级考前押题合集(无答案版).pdf,文件,2024,7207406
品职教育2023.08 CFA三级考前押题合集(有答案版).pdf,/cfa三级/CFA2级/大语文等多个文件等多个文件/CFA三级/Cfa三级 2024/三级24资料包/Cfa三级大佬笔记/第六轮 押题（反复做，考前最后一天复习材料）/品职教育2023.08 CFA三级考前押题合集(有答案版).pdf,文件,2024,22007532
CFA三级SS14机构IPS案例 Irene 打印版.pdf,/cfa三级/CFA2级/大语文等多个文件等多个文件/CFA三级/Cfa三级 2024/三级24资料包/Cfa三级大佬笔记/第四轮 pz习题汇总（重点做经典题和例题，已区分有答案版和无答案版，已建立书签检索）/CFA三级SS14机构IPS案例 Irene 打印版.pdf,文件,2024,381468
CFA三级SS14机构IPS案例 Irene 标准版.pdf,/cfa三级/CFA2级/大语文等多个文件等多个文件/CFA三级/Cfa三级 2024/三级24资料包/Cfa三级大佬笔记/第四轮 pz习题汇总（重点做经典题和例题，已区分有答案版和无答案版，已建立书签检索）/CFA三级SS14机构IPS案例 Irene 标准版.pdf,文件,2024,1305996
CFA三级基础段SS13_Icy__标准版.pdf,/cfa三级/CFA2级/大语文等多个文件等多个文件/CFA三级/Cfa三级 2024/三级24资料包/Cfa三级大佬笔记/第四轮 pz习题汇总（重点做经典题和例题，已区分有答案版和无答案版，已建立书签检索）/CFA三级基础段SS13_Icy__标准版.pdf,文件,2024,1281598
CFA三级基础段SS3_资产配置_Vincent_（标准版）.pdf,/cfa三级/CFA2级/大语文等多个文件等多个文件/CFA三级/Cfa三级 2024/三级24资料包/Cfa三级大佬笔记/第四轮 pz习题汇总（重点做经典题和例题，已区分有答案版和无答案版，已建立书签检索）/CFA三级基础段SS3_资产配置_Vincent_（标准版）.pdf,文件,2024,1743872
CFA三级基础段另类_Icy__打印版.pdf,/cfa三级/CFA2级/大语文等多个文件等多个文件/CFA三级/Cfa三级 2024/三级24资料包/Cfa三级大佬笔记/第四轮 pz习题汇总（重点做经典题和例题，已区分有答案版和无答案版，已建立书签检索）/CFA三级基础段另类_Icy__打印版.pdf,文件,2024,489792
CFA三级基础段另类_Icy__标准版.pdf,/cfa三级/CFA2级/大语文等多个文件等多个文件/CFA三级/Cfa三级 2024/三级24资料包/Cfa三级大佬笔记/第四轮 pz习题汇总（重点做经典题和例题，已区分有答案版和无答案版，已建立书签检索）/CFA三级基础段另类_Icy__标准版.pdf,文件,2024,813746
CFA三级基础段另类_Irene_（标准版）.pdf,/cfa三级/CFA2级/大语文等多个文件等多个文件/CFA三级/Cfa三级 2024/三级24资料包/Cfa三级大佬笔记/第四轮 pz习题汇总（重点做经典题和例题，已区分有答案版和无答案版，已建立书签检索）/CFA三级基础段另类_Irene_（标准版）.pdf,文件,2024,922551
CFA三级基础段固定收益组合管理_Bob__打印版.pdf,/cfa三级/CFA2级/大语文等多个文件等多个文件/CFA三级/Cfa三级 2024/三级24资料包/Cfa三级大佬笔记/第四轮 pz习题汇总（重点做经典题和例题，已区分有答案版和无答案版，已建立书签检索）/CFA三级基础段固定收益组合管理_Bob__打印版.pdf,文件,2024,2469458
CFA三级基础段道德_Bob__打印版.pdf,/cfa三级/CFA2级/大语文等多个文件等多个文件/CFA三级/Cfa三级 2024/三级24资料包/Cfa三级大佬笔记/第四轮 pz习题汇总（重点做经典题和例题，已区分有答案版和无答案版，已建立书签检索）/CFA三级基础段道德_Bob__打印版.pdf,文件,2024,1136046
CFA三级私人财富管理 Irene 打印版.pdf,/cfa三级/CFA2级/大语文等多个文件等多个文件/CFA三级/Cfa三级 2024/三级24资料包/Cfa三级大佬笔记/第四轮 pz习题汇总（重点做经典题和例题，已区分有答案版和无答案版，已建立书签检索）/CFA三级私人财富管理 Irene 打印版.pdf,文件,2024,692212
CFA闪卡（三级）,/cfa三级/CFA2级/大语文等多个文件等多个文件/CFA三级/Cfa三级 2024/三级24资料包/Cfa三级大佬笔记/第四轮 pz习题汇总（重点做经典题和例题，已区分有答案版和无答案版，已建立书签检索）/CFA闪卡（三级）,文件夹,2024,
品职教育2022年CFA三级 Flashcard_Behavioral Finance.pdf,/cfa三级/CFA2级/大语文等多个文件等多个文件/CFA三级/Cfa三级 2024/三级24资料包/Cfa三级大佬笔记/第四轮 pz习题汇总（重点做经典题和例题，已区分有答案版和无答案版，已建立书签检索）/CFA闪卡（三级）/品职教育2022年CFA三级 Flashcard_Behavioral Finance.pdf,文件,2024,1980687
品职教育2022年CFA三级 Flashcard_Private Wealth Management.pdf,/cfa三级/CFA2级/大语文等多个文件等多个文件/CFA三级/Cfa三级 2024/三级24资料包/Cfa三级大佬笔记/第四轮 pz习题汇总（重点做经典题和例题，已区分有答案版和无答案版，已建立书签检索）/CFA闪卡（三级）/品职教育2022年CFA三级 Flashcard_Private Wealth Management.pdf,文件,2024,3552137
品职教育2022年CFA三级 Flashcard_Trading&performance.pdf,/cfa三级/CFA2级/大语文等多个文件等多个文件/CFA三级/Cfa三级 2024/三级24资料包/Cfa三级大佬笔记/第四轮 pz习题汇总（重点做经典题和例题，已区分有答案版和无答案版，已建立书签检索）/CFA闪卡（三级）/品职教育2022年CFA三级 Flashcard_Trading&performance.pdf,文件,2024,4407218
品职教育2022年CFA三级Flashcard_Alternatives.pdf,/cfa三级/CFA2级/大语文等多个文件等多个文件/CFA三级/Cfa三级 2024/三级24资料包/Cfa三级大佬笔记/第四轮 pz习题汇总（重点做经典题和例题，已区分有答案版和无答案版，已建立书签检索）/CFA闪卡（三级）/品职教育2022年CFA三级Flashcard_Alternatives.pdf,文件,2024,1462940
品职教育2022年CFA三级Flashcard_CME.pdf,/cfa三级/CFA2级/大语文等多个文件等多个文件/CFA三级/Cfa三级 2024/三级24资料包/Cfa三级大佬笔记/第四轮 pz习题汇总（重点做经典题和例题，已区分有答案版和无答案版，已建立书签检索）/CFA闪卡（三级）/品职教育2022年CFA三级Flashcard_CME.pdf,文件,2024,3566265
品职教育2022年CFA三级Flashcard_Derivatives.pdf,/cfa三级/CFA2级/大语文等多个文件等多个文件/CFA三级/Cfa三级 2024/三级24资料包/Cfa三级大佬笔记/第四轮 pz习题汇总（重点做经典题和例题，已区分有答案版和无答案版，已建立书签检索）/CFA闪卡（三级）/品职教育2022年CFA三级Flashcard_Derivatives.pdf,文件,2024,2516583
品职教育2022年CFA三级Flashcard_Fixed-income.pdf,/cfa三级/CFA2级/大语文等多个文件等多个文件/CFA三级/Cfa三级 2024/三级24资料包/Cfa三级大佬笔记/第四轮 pz习题汇总（重点做经典题和例题，已区分有答案版和无答案版，已建立书签检索）/CFA闪卡（三级）/品职教育2022年CFA三级Flashcard_Fixed-income.pdf,文件,2024,7681495
品职教育2022年CFA三级Flashcard_Portfolio Management for Institutional Investors.pdf,/cfa三级/CFA2级/大语文等多个文件等多个文件/CFA三级/Cfa三级 2024/三级24资料包/Cfa三级大佬笔记/第四轮 pz习题汇总（重点做经典题和例题，已区分有答案版和无答案版，已建立书签检索）/CFA闪卡（三级）/品职教育2022年CFA三级Flashcard_Portfolio Management for Institutional Investors.pdf,文件,2024,4845938
合并 品职教育2022年CFA三级practice exam选题 无答案.pdf,/cfa三级/CFA2级/大语文等多个文件等多个文件/CFA三级/Cfa三级 2024/三级24资料包/Cfa三级大佬笔记/第四轮 pz习题汇总（重点做经典题和例题，已区分有答案版和无答案版，已建立书签检索）/三级PE资料/合并 品职教育2022年CFA三级practice exam选题 无答案.pdf,文件,2024,40492425
品职教育2022年CFA三级practice exam选题 有答案.pdf,/cfa三级/CFA2级/大语文等多个文件等多个文件/CFA三级/Cfa三级 2024/三级24资料包/Cfa三级大佬笔记/第四轮 pz习题汇总（重点做经典题和例题，已区分有答案版和无答案版，已建立书签检索）/三级PE资料/品职教育2022年CFA三级practice exam选题 有答案.pdf,文件,2024,136476420
11.品职教育 CFA III 例题课Global Investment Performance Standards (GIPS) .pdf,/cfa三级/CFA2级/大语文等多个文件等多个文件/CFA三级/Cfa三级 2024/三级24资料包/Cfa三级大佬笔记/第四轮 pz习题汇总（重点做经典题和例题，已区分有答案版和无答案版，已建立书签检索）/例题课讲义/11.品职教育 CFA III 例题课Global Investment Performance Standards (GIPS) .pdf,文件,2024,2090335
2.品职教育 CFA III 例题课 Behavioral Finance.pdf,/cfa三级/CFA2级/大语文等多个文件等多个文件/CFA三级/Cfa三级 2024/三级24资料包/Cfa三级大佬笔记/第四轮 pz习题汇总（重点做经典题和例题，已区分有答案版和无答案版，已建立书签检索）/例题课讲义/2.品职教育 CFA III 例题课 Behavioral Finance.pdf,文件,2024,2394076
6.品职教育 CFA III 例题课 Derivatives and Currency Management.pdf,/cfa三级/CFA2级/大语文等多个文件等多个文件/CFA三级/Cfa三级 2024/三级24资料包/Cfa三级大佬笔记/第四轮 pz习题汇总（重点做经典题和例题，已区分有答案版和无答案版，已建立书签检索）/例题课讲义/6.品职教育 CFA III 例题课 Derivatives and Currency Management.pdf,文件,2024,108895846
7.品职教育 CFA III 例题课 Alternative Management1.pdf,/cfa三级/CFA2级/大语文等多个文件等多个文件/CFA三级/Cfa三级 2024/三级24资料包/Cfa三级大佬笔记/第四轮 pz习题汇总（重点做经典题和例题，已区分有答案版和无答案版，已建立书签检索）/例题课讲义/7.品职教育 CFA III 例题课 Alternative Management1.pdf,文件,2024,41383461
8.品职教育 CFA III 例题课 Portfolio Management for Institutional Investors.pdf,/cfa三级/CFA2级/大语文等多个文件等多个文件/CFA三级/Cfa三级 2024/三级24资料包/Cfa三级大佬笔记/第四轮 pz习题汇总（重点做经典题和例题，已区分有答案版和无答案版，已建立书签检索）/例题课讲义/8.品职教育 CFA III 例题课 Portfolio Management for Institutional Investors.pdf,文件,2024,22943835
9.品职教育 CFA III 例题课 Fixed-Income Portfolio Management.docx,/cfa三级/CFA2级/大语文等多个文件等多个文件/CFA三级/Cfa三级 2024/三级24资料包/Cfa三级大佬笔记/第四轮 pz习题汇总（重点做经典题和例题，已区分有答案版和无答案版，已建立书签检索）/例题课讲义/9.品职教育 CFA III 例题课 Fixed-Income Portfolio Management.docx,文件,2024,576767
9.品职教育 CFA III 例题课 Fixed-Income Portfolio Management.pdf,/cfa三级/CFA2级/大语文等多个文件等多个文件/CFA三级/Cfa三级 2024/三级24资料包/Cfa三级大佬笔记/第四轮 pz习题汇总（重点做经典题和例题，已区分有答案版和无答案版，已建立书签检索）/例题课讲义/9.品职教育 CFA III 例题课 Fixed-Income Portfolio Management.pdf,文件,2024,92546766
1.品职教育 CFA I Ethics & Professional standards.pdf,/cfa三级/CFA2级/大语文等多个文件等多个文件/CFA三级/Cfa三级 2024/三级24资料包/Cfa三级大佬笔记/第四轮 pz习题汇总（重点做经典题和例题，已区分有答案版和无答案版，已建立书签检索）/基础讲义/1.品职教育 CFA I Ethics & Professional standards.pdf,文件,2024,155294607
1.品职教育 CFA III Alternative Management.pdf,/cfa三级/CFA2级/大语文等多个文件等多个文件/CFA三级/Cfa三级 2024/三级24资料包/Cfa三级大佬笔记/第四轮 pz习题汇总（重点做经典题和例题，已区分有答案版和无答案版，已建立书签检索）/基础讲义/1.品职教育 CFA III Alternative Management.pdf,文件,2024,57872908
1.品职教育 CFA III Behavioral Finance.pdf,/cfa三级/CFA2级/大语文等多个文件等多个文件/CFA三级/Cfa三级 2024/三级24资料包/Cfa三级大佬笔记/第四轮 pz习题汇总（重点做经典题和例题，已区分有答案版和无答案版，已建立书签检索）/基础讲义/1.品职教育 CFA III Behavioral Finance.pdf,文件,2024,19824525
1.品职教育 CFA III Equity Management.pdf,/cfa三级/CFA2级/大语文等多个文件等多个文件/CFA三级/Cfa三级 2024/三级24资料包/Cfa三级大佬笔记/第四轮 pz习题汇总（重点做经典题和例题，已区分有答案版和无答案版，已建立书签检索）/基础讲义/1.品职教育 CFA III Equity Management.pdf,文件,2024,63409995
1.品职教育 CFA III Fixed Income.pdf,/cfa三级/CFA2级/大语文等多个文件等多个文件/CFA三级/Cfa三级 2024/三级24资料包/Cfa三级大佬笔记/第四轮 pz习题汇总（重点做经典题和例题，已区分有答案版和无答案版，已建立书签检索）/基础讲义/1.品职教育 CFA III Fixed Income.pdf,文件,2024,51592286
1.品职教育 CFA III Global Investment Performance Standards.pdf,/cfa三级/CFA2级/大语文等多个文件等多个文件/CFA三级/Cfa三级 2024/三级24资料包/Cfa三级大佬笔记/第四轮 pz习题汇总（重点做经典题和例题，已区分有答案版和无答案版，已建立书签检索）/基础讲义/1.品职教育 CFA III Global Investment Performance Standards.pdf,文件,2024,34687995
1.品职教育 CFA III Portfolio Management for Institutional Investors.pdf,/cfa三级/CFA2级/大语文等多个文件等多个文件/CFA三级/Cfa三级 2024/三级24资料包/Cfa三级大佬笔记/第四轮 pz习题汇总（重点做经典题和例题，已区分有答案版和无答案版，已建立书签检索）/基础讲义/1.品职教育 CFA III Portfolio Management for Institutional Investors.pdf,文件,2024,62561328
1.品职教育 CFA III Private Wealth Management.pdf,/cfa三级/CFA2级/大语文等多个文件等多个文件/CFA三级/Cfa三级 2024/三级24资料包/Cfa三级大佬笔记/第四轮 pz习题汇总（重点做经典题和例题，已区分有答案版和无答案版，已建立书签检索）/基础讲义/1.品职教育 CFA III Private Wealth Management.pdf,文件,2024,87760007
1.品职教育 CFA III Trading， Performance Evaluation and Manager Selection.pdf,/cfa三级/CFA2级/大语文等多个文件等多个文件/CFA三级/Cfa三级 2024/三级24资料包/Cfa三级大佬笔记/第四轮 pz习题汇总（重点做经典题和例题，已区分有答案版和无答案版，已建立书签检索）/基础讲义/1.品职教育 CFA III Trading， Performance Evaluation and Manager Selection.pdf,文件,2024,63338790
1.品职教育 CFA III 个人IPS Case Study.pdf,/cfa三级/CFA2级/大语文等多个文件等多个文件/CFA三级/Cfa三级 2024/三级24资料包/Cfa三级大佬笔记/第四轮 pz习题汇总（重点做经典题和例题，已区分有答案版和无答案版，已建立书签检索）/基础讲义/1.品职教育 CFA III 个人IPS Case Study.pdf,文件,2024,41993390
13.品职教育 CFA III Asset Manager Code基础段.pdf,/cfa三级/CFA2级/大语文等多个文件等多个文件/CFA三级/Cfa三级 2024/三级24资料包/Cfa三级大佬笔记/第四轮 pz习题汇总（重点做经典题和例题，已区分有答案版和无答案版，已建立书签检索）/基础讲义/13.品职教育 CFA III Asset Manager Code基础段.pdf,文件,2024,21636827
2.品职教育 CFA III 个人IPS Sample.pdf,/cfa三级/CFA2级/大语文等多个文件等多个文件/CFA三级/Cfa三级 2024/三级24资料包/Cfa三级大佬笔记/第四轮 pz习题汇总（重点做经典题和例题，已区分有答案版和无答案版，已建立书签检索）/基础讲义/2.品职教育 CFA III 个人IPS Sample.pdf,文件,2024,2812512
3.品职教育 CFA III 机构IPS Case Study Reading 28 Quinco Case.pdf,/cfa三级/CFA2级/大语文等多个文件等多个文件/CFA三级/Cfa三级 2024/三级24资料包/Cfa三级大佬笔记/第四轮 pz习题汇总（重点做经典题和例题，已区分有答案版和无答案版，已建立书签检索）/基础讲义/3.品职教育 CFA III 机构IPS Case Study Reading 28 Quinco Case.pdf,文件,2024,27372408
10.品职教育 CFA III 强化串讲 Global Investment Performance Standards.pdf,/cfa三级/CFA2级/大语文等多个文件等多个文件/CFA三级/Cfa三级 2024/三级24资料包/Cfa三级大佬笔记/第四轮 pz习题汇总（重点做经典题和例题，已区分有答案版和无答案版，已建立书签检索）/强化串讲讲义/10.品职教育 CFA III 强化串讲 Global Investment Performance Standards.pdf,文件,2024,6428165
11.品职教育 CFA III 强化串讲 Derivatives and Currency Management.pdf,/cfa三级/CFA2级/大语文等多个文件等多个文件/CFA三级/Cfa三级 2024/三级24资料包/Cfa三级大佬笔记/第四轮 pz习题汇总（重点做经典题和例题，已区分有答案版和无答案版，已建立书签检索）/强化串讲讲义/11.品职教育 CFA III 强化串讲 Derivatives and Currency Management.pdf,文件,2024,8495256
2.品职教育 CFA III 强化串讲 Capital Market Expectations.pdf,/cfa三级/CFA2级/大语文等多个文件等多个文件/CFA三级/Cfa三级 2024/三级24资料包/Cfa三级大佬笔记/第四轮 pz习题汇总（重点做经典题和例题，已区分有答案版和无答案版，已建立书签检索）/强化串讲讲义/2.品职教育 CFA III 强化串讲 Capital Market Expectations.pdf,文件,2024,11981905
3.品职教育 CFA III 强化串讲 Private Wealth Management(OCR).pdf,/cfa三级/CFA2级/大语文等多个文件等多个文件/CFA三级/Cfa三级 2024/三级24资料包/Cfa三级大佬笔记/第四轮 pz习题汇总（重点做经典题和例题，已区分有答案版和无答案版，已建立书签检索）/强化串讲讲义/3.品职教育 CFA III 强化串讲 Private Wealth Management(OCR).pdf,文件,2024,18847699
3.品职教育 CFA III 强化串讲 Private Wealth Management.pdf,/cfa三级/CFA2级/大语文等多个文件等多个文件/CFA三级/Cfa三级 2024/三级24资料包/Cfa三级大佬笔记/第四轮 pz习题汇总（重点做经典题和例题，已区分有答案版和无答案版，已建立书签检索）/强化串讲讲义/3.品职教育 CFA III 强化串讲 Private Wealth Management.pdf,文件,2024,18783295
5.品职教育 CFA III 强化串讲 Equity Portfolio Management.pdf,/cfa三级/CFA2级/大语文等多个文件等多个文件/CFA三级/Cfa三级 2024/三级24资料包/Cfa三级大佬笔记/第四轮 pz习题汇总（重点做经典题和例题，已区分有答案版和无答案版，已建立书签检索）/强化串讲讲义/5.品职教育 CFA III 强化串讲 Equity Portfolio Management.pdf,文件,2024,10256565
7.品职教育 CFA III 强化串讲 Portfolio Management for Institutional Investors.pdf,/cfa三级/CFA2级/大语文等多个文件等多个文件/CFA三级/Cfa三级 2024/三级24资料包/Cfa三级大佬笔记/第四轮 pz习题汇总（重点做经典题和例题，已区分有答案版和无答案版，已建立书签检索）/强化串讲讲义/7.品职教育 CFA III 强化串讲 Portfolio Management for Institutional Investors.pdf,文件,2024,13135028
9.品职教育 CFA III 强化串讲 Trading， Performance Evaluation， and Manager Selection.pdf,/cfa三级/CFA2级/大语文等多个文件等多个文件/CFA三级/Cfa三级 2024/三级24资料包/Cfa三级大佬笔记/第四轮 pz习题汇总（重点做经典题和例题，已区分有答案版和无答案版，已建立书签检索）/强化串讲讲义/9.品职教育 CFA III 强化串讲 Trading， Performance Evaluation， and Manager Selection.pdf,文件,2024,10662726
1.品职教育 CFA III 经典题 Behavioral Finance(无答案版).pdf,/cfa三级/CFA2级/大语文等多个文件等多个文件/CFA三级/Cfa三级 2024/三级24资料包/Cfa三级大佬笔记/第四轮 pz习题汇总（重点做经典题和例题，已区分有答案版和无答案版，已建立书签检索）/经典题通关讲义/无答案版/1.品职教育 CFA III 经典题 Behavioral Finance(无答案版).pdf,文件,2024,14658663
10.品职教育 CFA III 经典题 Equity Portfolio Management 无答案.pdf,/cfa三级/CFA2级/大语文等多个文件等多个文件/CFA三级/Cfa三级 2024/三级24资料包/Cfa三级大佬笔记/第四轮 pz习题汇总（重点做经典题和例题，已区分有答案版和无答案版，已建立书签检索）/经典题通关讲义/无答案版/10.品职教育 CFA III 经典题 Equity Portfolio Management 无答案.pdf,文件,2024,23727149
12.品职教育 CFA III 经典题 Asset Allocation 无答案.pdf,/cfa三级/CFA2级/大语文等多个文件等多个文件/CFA三级/Cfa三级 2024/三级24资料包/Cfa三级大佬笔记/第四轮 pz习题汇总（重点做经典题和例题，已区分有答案版和无答案版，已建立书签检索）/经典题通关讲义/无答案版/12.品职教育 CFA III 经典题 Asset Allocation 无答案.pdf,文件,2024,31429307
15.品职教育 CFA III 经典题 机构IPS（选择题无答案版）.pdf,/cfa三级/CFA2级/大语文等多个文件等多个文件/CFA三级/Cfa三级 2024/三级24资料包/Cfa三级大佬笔记/第四轮 pz习题汇总（重点做经典题和例题，已区分有答案版和无答案版，已建立书签检索）/经典题通关讲义/无答案版/15.品职教育 CFA III 经典题 机构IPS（选择题无答案版）.pdf,文件,2024,4869503
6.品职教育 CFA III 经典题 Capital Market Expectations 无答案.pdf,/cfa三级/CFA2级/大语文等多个文件等多个文件/CFA三级/Cfa三级 2024/三级24资料包/Cfa三级大佬笔记/第四轮 pz习题汇总（重点做经典题和例题，已区分有答案版和无答案版，已建立书签检索）/经典题通关讲义/无答案版/6.品职教育 CFA III 经典题 Capital Market Expectations 无答案.pdf,文件,2024,12865705
品职教育 CFA III 经典题 Ethics（有答案版）.pdf,/cfa三级/CFA2级/大语文等多个文件等多个文件/CFA三级/Cfa三级 2024/三级24资料包/Cfa三级大佬笔记/第四轮 pz习题汇总（重点做经典题和例题，已区分有答案版和无答案版，已建立书签检索）/经典题通关讲义/无答案版/品职教育 CFA III 经典题 Ethics（有答案版）.pdf,文件,2024,17067698
11.品职教育 CFA III 经典题 Asset Allocation 有答案.pdf,/cfa三级/CFA2级/大语文等多个文件等多个文件/CFA三级/Cfa三级 2024/三级24资料包/Cfa三级大佬笔记/第四轮 pz习题汇总（重点做经典题和例题，已区分有答案版和无答案版，已建立书签检索）/经典题通关讲义/有答案版/11.品职教育 CFA III 经典题 Asset Allocation 有答案.pdf,文件,2024,56568008
13.品职教育 CFA III 经典题 Fixed Income 有答案.pdf,/cfa三级/CFA2级/大语文等多个文件等多个文件/CFA三级/Cfa三级 2024/三级24资料包/Cfa三级大佬笔记/第四轮 pz习题汇总（重点做经典题和例题，已区分有答案版和无答案版，已建立书签检索）/经典题通关讲义/有答案版/13.品职教育 CFA III 经典题 Fixed Income 有答案.pdf,文件,2024,60965488
16.品职教育 CFA III 经典题 机构IPS（选择题有答案版）.pdf,/cfa三级/CFA2级/大语文等多个文件等多个文件/CFA三级/Cfa三级 2024/三级24资料包/Cfa三级大佬笔记/第四轮 pz习题汇总（重点做经典题和例题，已区分有答案版和无答案版，已建立书签检索）/经典题通关讲义/有答案版/16.品职教育 CFA III 经典题 机构IPS（选择题有答案版）.pdf,文件,2024,7646154
2.品职教育 CFA III 经典题 Behavioral Finance(有答案版).pdf,/cfa三级/CFA2级/大语文等多个文件等多个文件/CFA三级/Cfa三级 2024/三级24资料包/Cfa三级大佬笔记/第四轮 pz习题汇总（重点做经典题和例题，已区分有答案版和无答案版，已建立书签检索）/经典题通关讲义/有答案版/2.品职教育 CFA III 经典题 Behavioral Finance(有答案版).pdf,文件,2024,39389841
9.品职教育 CFA III 经典题 Equity Portfolio Management 有答案(OCR).pdf,/cfa三级/CFA2级/大语文等多个文件等多个文件/CFA三级/Cfa三级 2024/三级24资料包/Cfa三级大佬笔记/第四轮 pz习题汇总（重点做经典题和例题，已区分有答案版和无答案版，已建立书签检索）/经典题通关讲义/有答案版/9.品职教育 CFA III 经典题 Equity Portfolio Management 有答案(OCR).pdf,文件,2024,60229850
9.品职教育 CFA III 经典题 Equity Portfolio Management 有答案.pdf,/cfa三级/CFA2级/大语文等多个文件等多个文件/CFA三级/Cfa三级 2024/三级24资料包/Cfa三级大佬笔记/第四轮 pz习题汇总（重点做经典题和例题，已区分有答案版和无答案版，已建立书签检索）/经典题通关讲义/有答案版/9.品职教育 CFA III 经典题 Equity Portfolio Management 有答案.pdf,文件,2024,60116871
"品职教育 CFA III 经典题 Trading, Performance Evaluation, and Manager Selection 有答案.pdf","/cfa三级/CFA2级/大语文等多个文件等多个文件/CFA三级/Cfa三级 2024/三级24资料包/Cfa三级大佬笔记/第四轮 pz习题汇总（重点做经典题和例题，已区分有答案版和无答案版，已建立书签检索）/经典题通关讲义/有答案版/品职教育 CFA III 经典题 Trading, Performance Evaluation, and Manager Selection 有答案.pdf",文件,2024,29116354
cfa三级(持续更新),/cfa三级/CFA2级/大语文等多个文件等多个文件/最近更新2024/CFA/cfa三级(持续更新),文件夹,2024,
Cfa三级2024,/cfa三级/Cfa三级2024,文件夹,2024,
CFA三级2023,/cfa三级/Cfa三级2024/CFA三级2023,文件夹,2024,
2023.2CFA三级GD,/cfa三级/Cfa三级2024/CFA三级2023/2023.2CFA三级GD,文件夹,2024,
01-CFA L3 Economic Introduction.mp4,/cfa三级/Cfa三级2024/CFA三级2023/2023.2CFA三级GD/02-知识精讲阶段/02-Economic–chen/01-CFA L3 Economic Introduction.mp4,文件,2024,202861388
21-Summary of CFA L3 Economic.mp4,/cfa三级/Cfa三级2024/CFA三级2023/2023.2CFA三级GD/02-知识精讲阶段/02-Economic–chen/21-Summary of CFA L3 Economic.mp4,文件,2024,275204532
2023.2CFA三级JC,/cfa三级/Cfa三级2024/CFA三级2023/2023.2CFA三级JC,文件夹,2024,
2023.8CFA三级GD,/cfa三级/Cfa三级2024/CFA三级2023/2023.8CFA三级GD,文件夹,2024,
2023.8CFA三级JC,/cfa三级/Cfa三级2024/CFA三级2023/2023.8CFA三级JC,文件夹,2024,
2022CFA三级notes,/cfa三级/Cfa三级2024/CFA三级2023/资料包/22年资料/2022CFA三级notes,文件夹,2024,
品职CFA三级资料,/cfa三级/Cfa三级2024/CFA三级2023/资料包/22年资料/品职CFA三级资料,文件夹,2024,
2022品职CFA III 公式密钥.pdf,/cfa三级/Cfa三级2024/CFA三级2023/资料包/22年资料/品职CFA三级资料/CFA三级公式密钥/2022品职CFA III 公式密钥.pdf,文件,2024,49834979
Cfa三级 2024,/cfa三级/Cfa三级2024/Cfa三级 2024,文件夹,2024,
cfa-program2024L3V1（CME、AA）.PDF,/cfa三级/Cfa三级2024/Cfa三级 2024/2024年三级教材/cfa-program2024L3V1（CME、AA）.PDF,文件,2024,3417592
CFA三级基础班交易_王慧琳（打印版）.pdf,/cfa三级/Cfa三级2024/Cfa三级 2024/Gd/2.核心知识精讲/讲义/CFA三级基础班交易_王慧琳（打印版）.pdf,文件,2024,770667
CFA三级基础班另类-王慧琳-（标准版）.pdf,/cfa三级/Cfa三级2024/Cfa三级 2024/Gd/2.核心知识精讲/讲义/CFA三级基础班另类-王慧琳-（标准版）.pdf,文件,2024,1004193
CFA三级基础班机构案例-王慧琳-（标准版）.pdf,/cfa三级/Cfa三级2024/Cfa三级 2024/Gd/2.核心知识精讲/讲义/CFA三级基础班机构案例-王慧琳-（标准版）.pdf,文件,2024,931937
1.品职教育 CFA III Behavioral Finance 强化串讲.pdf,/cfa三级/Cfa三级2024/Cfa三级 2024/Pz/3.强化串讲课/讲义/1.品职教育 CFA III Behavioral Finance 强化串讲.pdf,文件,2024,2635959
2.品职教育 CFA III 强化串讲 Global Investment Performance Standards.pdf,/cfa三级/Cfa三级2024/Cfa三级 2024/Pz/3.强化串讲课/讲义/2.品职教育 CFA III 强化串讲 Global Investment Performance Standards.pdf,文件,2024,6428165
4.品职教育 CFA III 强化串讲 Asset Allocation.pdf,/cfa三级/Cfa三级2024/Cfa三级 2024/Pz/3.强化串讲课/讲义/4.品职教育 CFA III 强化串讲 Asset Allocation.pdf,文件,2024,10538375
6.品职教育 CFA III 强化串讲 Alternative Management.pdf,/cfa三级/Cfa三级2024/Cfa三级 2024/Pz/3.强化串讲课/讲义/6.品职教育 CFA III 强化串讲 Alternative Management.pdf,文件,2024,11764091
8.品职教育 CFA III 强化串讲 Fixed Income.pdf,/cfa三级/Cfa三级2024/Cfa三级 2024/Pz/3.强化串讲课/讲义/8.品职教育 CFA III 强化串讲 Fixed Income.pdf,文件,2024,19271595
品职教育 CFA III 经典题 Asset Allocation 有答案.pdf,/cfa三级/Cfa三级2024/Cfa三级 2024/Pz/4.经典题通关课/讲义/品职教育 CFA III 经典题 Asset Allocation 有答案.pdf,文件,2024,49715274
品职教育 CFA III 经典题 Capital Market Expectations (补充)无答案.pdf,/cfa三级/Cfa三级2024/Cfa三级 2024/Pz/4.经典题通关课/讲义/品职教育 CFA III 经典题 Capital Market Expectations (补充)无答案.pdf,文件,2024,11893432
品职教育 CFA III 经典题 Fixed Income 无答案.pdf,/cfa三级/Cfa三级2024/Cfa三级 2024/Pz/4.经典题通关课/讲义/品职教育 CFA III 经典题 Fixed Income 无答案.pdf,文件,2024,41755121
品职教育 CFA III 经典题 Individual IPS 无答案.pdf,/cfa三级/Cfa三级2024/Cfa三级 2024/Pz/4.经典题通关课/讲义/品职教育 CFA III 经典题 Individual IPS 无答案.pdf,文件,2024,18790070
4.CFA II Derivatives,/cfa三级/Cfa三级2024/Cfa三级 2024/Pz/早读课/4.CFA II Derivatives,文件夹,2024,
1.品职教育 CFA I Fixed Income.pdf,/cfa三级/Cfa三级2024/Cfa三级 2024/Pz/早读课/讲义/1.品职教育 CFA I Fixed Income.pdf,文件,2024,81206154
1.品职教育 CFA I 计算器使用.pdf,/cfa三级/Cfa三级2024/Cfa三级 2024/Pz/早读课/讲义/1.品职教育 CFA I 计算器使用.pdf,文件,2024,2810690
CFA三级框架图,/cfa三级/Cfa三级2024/Cfa三级 2024/三级24资料包/CFA三级框架图,文件夹,2024,
品职教育 CFA III Equity知识框架图李斯克.pdf,/cfa三级/Cfa三级2024/Cfa三级 2024/三级24资料包/CFA三级框架图/品职教育 CFA III Equity知识框架图李斯克.pdf,文件,2024,3455750
品职教育 CFA III capital market expectation 知识框架图 何旋.pdf,/cfa三级/Cfa三级2024/Cfa三级 2024/三级24资料包/CFA三级框架图/品职教育 CFA III capital market expectation 知识框架图 何旋.pdf,文件,2024,3947973
品职教育 CFA三级知识框架图_Private Wealth Management_李斯克.pdf,/cfa三级/Cfa三级2024/Cfa三级 2024/三级24资料包/CFA三级框架图/品职教育 CFA三级知识框架图_Private Wealth Management_李斯克.pdf,文件,2024,6624992
品职教育CFA三级知识框架图_Trade strategy and  Execution.pdf,/cfa三级/Cfa三级2024/Cfa三级 2024/三级24资料包/CFA三级框架图/品职教育CFA三级知识框架图_Trade strategy and  Execution.pdf,文件,2024,2427516
Cfa三级大佬笔记,/cfa三级/Cfa三级2024/Cfa三级 2024/三级24资料包/Cfa三级大佬笔记,文件夹,2024,
品职教育2023.08 CFA三级考前押题合集(有答案版).pdf,/cfa三级/Cfa三级2024/Cfa三级 2024/三级24资料包/Cfa三级大佬笔记/最终轮 记忆背诵（总结押题重点，已设置背、重点等标签，可直接检索）/品职教育2023.08 CFA三级考前押题合集(有答案版).pdf,文件,2024,37406416
品职教育 CFA 三级 知识框架图 Capital Market Expectation.pdf,/cfa三级/Cfa三级2024/Cfa三级 2024/三级24资料包/Cfa三级大佬笔记/第二轮 上轮最终奶茶课复习（第一遍课后题后）/品职教育 CFA 三级 知识框架图 Capital Market Expectation.pdf,文件,2024,11975008
品职教育 CFA 三级 知识框架图 Derivatives and Currency Management.pdf,/cfa三级/Cfa三级2024/Cfa三级 2024/三级24资料包/Cfa三级大佬笔记/第二轮 上轮最终奶茶课复习（第一遍课后题后）/品职教育 CFA 三级 知识框架图 Derivatives and Currency Management.pdf,文件,2024,8499185
品职教育 CFA 三级 知识框架图 Equity.pdf,/cfa三级/Cfa三级2024/Cfa三级 2024/三级24资料包/Cfa三级大佬笔记/第二轮 上轮最终奶茶课复习（第一遍课后题后）/品职教育 CFA 三级 知识框架图 Equity.pdf,文件,2024,10225364
品职教育 CFA 三级 知识框架图 Fixed Income.pdf,/cfa三级/Cfa三级2024/Cfa三级 2024/三级24资料包/Cfa三级大佬笔记/第二轮 上轮最终奶茶课复习（第一遍课后题后）/品职教育 CFA 三级 知识框架图 Fixed Income.pdf,文件,2024,19200218
品职教育 CFA 三级 知识框架图 Private Wealth Management.pdf,/cfa三级/Cfa三级2024/Cfa三级 2024/三级24资料包/Cfa三级大佬笔记/第二轮 上轮最终奶茶课复习（第一遍课后题后）/品职教育 CFA 三级 知识框架图 Private Wealth Management.pdf,文件,2024,19076731
第五轮 强化班&品职整理笔记（根据强化班课程自行整理，已分大纲，看品职强化文件夹即可）,/cfa三级/Cfa三级2024/Cfa三级 2024/三级24资料包/Cfa三级大佬笔记/第五轮 强化班&品职整理笔记（根据强化班课程自行整理，已分大纲，看品职强化文件夹即可）,文件夹,2024,
品职,/cfa三级/Cfa三级2024/Cfa三级 2024/三级24资料包/Cfa三级大佬笔记/第五轮 强化班&品职整理笔记（根据强化班课程自行整理，已分大纲，看品职强化文件夹即可）/品职,文件夹,2024,
品职强化,/cfa三级/Cfa三级2024/Cfa三级 2024/三级24资料包/Cfa三级大佬笔记/第五轮 强化班&品职整理笔记（根据强化班课程自行整理，已分大纲，看品职强化文件夹即可）/品职强化,文件夹,2024,
1.品职教育 CFA III Ethics & Professional standards.pdf,/cfa三级/Cfa三级2024/Cfa三级 2024/三级24资料包/Cfa三级大佬笔记/第五轮 强化班&品职整理笔记（根据强化班课程自行整理，已分大纲，看品职强化文件夹即可）/品职强化/1.品职教育 CFA III Ethics & Professional standards.pdf,文件,2024,155962214
品职道德讲义.pdf,/cfa三级/Cfa三级2024/Cfa三级 2024/三级24资料包/Cfa三级大佬笔记/第八轮 错题整理（已按照科目及知识点分类，共700页左右，此外含有个人总结难理解及易混知识点，看最终错题本地版）/品职道德讲义.pdf,文件,2024,248266261
2023品职道德三级别通用版讲义 更新.pdf,/cfa三级/Cfa三级2024/Cfa三级 2024/三级24资料包/Cfa三级大佬笔记/第八轮 错题整理（已按照科目及知识点分类，共700页左右，此外含有个人总结难理解及易混知识点，看最终错题本地版）/最终复习/2023品职道德三级别通用版讲义 更新.pdf,文件,2024,52111837
1.品职教育 CFA机考必学方案.pdf,/cfa三级/Cfa三级2024/Cfa三级 2024/三级24资料包/Cfa三级大佬笔记/第四轮 pz习题汇总（重点做经典题和例题，已区分有答案版和无答案版，已建立书签检索）/1.品职教育 CFA机考必学方案.pdf,文件,2024,16432632
CFA闪卡（三级）,/cfa三级/Cfa三级2024/Cfa三级 2024/三级24资料包/Cfa三级大佬笔记/第四轮 pz习题汇总（重点做经典题和例题，已区分有答案版和无答案版，已建立书签检索）/CFA闪卡（三级）,文件夹,2024,
品职教育2022年CFA三级 Flashcard_Asset Allocation.pdf,/cfa三级/Cfa三级2024/Cfa三级 2024/三级24资料包/Cfa三级大佬笔记/第四轮 pz习题汇总（重点做经典题和例题，已区分有答案版和无答案版，已建立书签检索）/CFA闪卡（三级）/品职教育2022年CFA三级 Flashcard_Asset Allocation.pdf,文件,2024,2185880
品职教育2022年CFA三级 Flashcard_Equity.pdf,/cfa三级/Cfa三级2024/Cfa三级 2024/三级24资料包/Cfa三级大佬笔记/第四轮 pz习题汇总（重点做经典题和例题，已区分有答案版和无答案版，已建立书签检索）/CFA闪卡（三级）/品职教育2022年CFA三级 Flashcard_Equity.pdf,文件,2024,4521916
品职教育2022年CFA三级 Flashcard_GIPS.pdf,/cfa三级/Cfa三级2024/Cfa三级 2024/三级24资料包/Cfa三级大佬笔记/第四轮 pz习题汇总（重点做经典题和例题，已区分有答案版和无答案版，已建立书签检索）/CFA闪卡（三级）/品职教育2022年CFA三级 Flashcard_GIPS.pdf,文件,2024,1992636
品职教育2022年CFA三级Flashcard_七大条准则.pdf,/cfa三级/Cfa三级2024/Cfa三级 2024/三级24资料包/Cfa三级大佬笔记/第四轮 pz习题汇总（重点做经典题和例题，已区分有答案版和无答案版，已建立书签检索）/CFA闪卡（三级）/品职教育2022年CFA三级Flashcard_七大条准则.pdf,文件,2024,4229721
11.品职教育 CFA III 例题课Global Investment Performance Standards (GIPS) .pdf,/cfa三级/Cfa三级2024/Cfa三级 2024/三级24资料包/Cfa三级大佬笔记/第四轮 pz习题汇总（重点做经典题和例题，已区分有答案版和无答案版，已建立书签检索）/习题讲义汇总/11.品职教育 CFA III 例题课Global Investment Performance Standards (GIPS) .pdf,文件,2024,1442864
2.品职教育 CFA III 经典题 Behavioral Finance(有答案版).pdf,/cfa三级/Cfa三级2024/Cfa三级 2024/三级24资料包/Cfa三级大佬笔记/第四轮 pz习题汇总（重点做经典题和例题，已区分有答案版和无答案版，已建立书签检索）/习题讲义汇总/2.品职教育 CFA III 经典题 Behavioral Finance(有答案版).pdf,文件,2024,22190469
1.品职教育 CFA III 例题课 Capital Market Expectations已做.pdf,/cfa三级/Cfa三级2024/Cfa三级 2024/三级24资料包/Cfa三级大佬笔记/第四轮 pz习题汇总（重点做经典题和例题，已区分有答案版和无答案版，已建立书签检索）/例题课讲义/1.品职教育 CFA III 例题课 Capital Market Expectations已做.pdf,文件,2024,36349191
10.品职教育 CFA III 例题课 Trading & Performance.pdf,/cfa三级/Cfa三级2024/Cfa三级 2024/三级24资料包/Cfa三级大佬笔记/第四轮 pz习题汇总（重点做经典题和例题，已区分有答案版和无答案版，已建立书签检索）/例题课讲义/10.品职教育 CFA III 例题课 Trading & Performance.pdf,文件,2024,43115903
3.品职教育 CFA III 例题课 Private Wealth Management .pdf,/cfa三级/Cfa三级2024/Cfa三级 2024/三级24资料包/Cfa三级大佬笔记/第四轮 pz习题汇总（重点做经典题和例题，已区分有答案版和无答案版，已建立书签检索）/例题课讲义/3.品职教育 CFA III 例题课 Private Wealth Management .pdf,文件,2024,60952672
4.品职教育 CFA III 例题课 Asset Allocation.pdf,/cfa三级/Cfa三级2024/Cfa三级 2024/三级24资料包/Cfa三级大佬笔记/第四轮 pz习题汇总（重点做经典题和例题，已区分有答案版和无答案版，已建立书签检索）/例题课讲义/4.品职教育 CFA III 例题课 Asset Allocation.pdf,文件,2024,48201541
5.品职教育 CFA III 例题课 Equity Portfolio Management.pdf,/cfa三级/Cfa三级2024/Cfa三级 2024/三级24资料包/Cfa三级大佬笔记/第四轮 pz习题汇总（重点做经典题和例题，已区分有答案版和无答案版，已建立书签检索）/例题课讲义/5.品职教育 CFA III 例题课 Equity Portfolio Management.pdf,文件,2024,33933690
1.品职教育 CFA III Asset Allocation and Related Decisions in Portfolio Management.pdf,/cfa三级/Cfa三级2024/Cfa三级 2024/三级24资料包/Cfa三级大佬笔记/第四轮 pz习题汇总（重点做经典题和例题，已区分有答案版和无答案版，已建立书签检索）/基础讲义/1.品职教育 CFA III Asset Allocation and Related Decisions in Portfolio Management.pdf,文件,2024,75220297
1.品职教育 CFA III Capital Market Expectations(OCR).pdf,/cfa三级/Cfa三级2024/Cfa三级 2024/三级24资料包/Cfa三级大佬笔记/第四轮 pz习题汇总（重点做经典题和例题，已区分有答案版和无答案版，已建立书签检索）/基础讲义/1.品职教育 CFA III Capital Market Expectations(OCR).pdf,文件,2024,67190774
1.品职教育 CFA III Capital Market Expectations.pdf,/cfa三级/Cfa三级2024/Cfa三级 2024/三级24资料包/Cfa三级大佬笔记/第四轮 pz习题汇总（重点做经典题和例题，已区分有答案版和无答案版，已建立书签检索）/基础讲义/1.品职教育 CFA III Capital Market Expectations.pdf,文件,2024,66995138
1.品职教育 CFA III Derivatives and Currency Management.pdf,/cfa三级/Cfa三级2024/Cfa三级 2024/三级24资料包/Cfa三级大佬笔记/第四轮 pz习题汇总（重点做经典题和例题，已区分有答案版和无答案版，已建立书签检索）/基础讲义/1.品职教育 CFA III Derivatives and Currency Management.pdf,文件,2024,85599704
2.品职教育 CFA III Fixed Income (Part 2).pdf,/cfa三级/Cfa三级2024/Cfa三级 2024/三级24资料包/Cfa三级大佬笔记/第四轮 pz习题汇总（重点做经典题和例题，已区分有答案版和无答案版，已建立书签检索）/基础讲义/2.品职教育 CFA III Fixed Income (Part 2).pdf,文件,2024,62880730
3.品职教育 CFA III Global Investment Performance Standards-Sample Reports.pdf,/cfa三级/Cfa三级2024/Cfa三级 2024/三级24资料包/Cfa三级大佬笔记/第四轮 pz习题汇总（重点做经典题和例题，已区分有答案版和无答案版，已建立书签检索）/基础讲义/3.品职教育 CFA III Global Investment Performance Standards-Sample Reports.pdf,文件,2024,2260052
18.品职教育 CFA III 经典题 机构IPS（写作题无答案版）.pdf,/cfa三级/Cfa三级2024/Cfa三级 2024/三级24资料包/Cfa三级大佬笔记/第四轮 pz习题汇总（重点做经典题和例题，已区分有答案版和无答案版，已建立书签检索）/经典题通关讲义/无答案版/18.品职教育 CFA III 经典题 机构IPS（写作题无答案版）.pdf,文件,2024,18953289
13.品职教育 CFA III 经典题 Fixed Income 有答案(OCR).pdf,/cfa三级/Cfa三级2024/Cfa三级 2024/三级24资料包/Cfa三级大佬笔记/第四轮 pz习题汇总（重点做经典题和例题，已区分有答案版和无答案版，已建立书签检索）/经典题通关讲义/有答案版/13.品职教育 CFA III 经典题 Fixed Income 有答案(OCR).pdf,文件,2024,79271574
17.品职教育 CFA III 经典题 机构IPS（写作题有答案版）.pdf,/cfa三级/Cfa三级2024/Cfa三级 2024/三级24资料包/Cfa三级大佬笔记/第四轮 pz习题汇总（重点做经典题和例题，已区分有答案版和无答案版，已建立书签检索）/经典题通关讲义/有答案版/17.品职教育 CFA III 经典题 机构IPS（写作题有答案版）.pdf,文件,2024,35326156
3.品职教育 CFA III 经典题 Individual IPS 有答案.pdf,/cfa三级/Cfa三级2024/Cfa三级 2024/三级24资料包/Cfa三级大佬笔记/第四轮 pz习题汇总（重点做经典题和例题，已区分有答案版和无答案版，已建立书签检索）/经典题通关讲义/有答案版/3.品职教育 CFA III 经典题 Individual IPS 有答案.pdf,文件,2024,63083330
5.品职教育 CFA III 经典题 Capital Market Expectations 有答案.pdf,/cfa三级/Cfa三级2024/Cfa三级 2024/三级24资料包/Cfa三级大佬笔记/第四轮 pz习题汇总（重点做经典题和例题，已区分有答案版和无答案版，已建立书签检索）/经典题通关讲义/有答案版/5.品职教育 CFA III 经典题 Capital Market Expectations 有答案.pdf,文件,2024,47353777
7.品职教育 CFA III 经典题 Capital Market Expectations (补充)有答案.pdf,/cfa三级/Cfa三级2024/Cfa三级 2024/三级24资料包/Cfa三级大佬笔记/第四轮 pz习题汇总（重点做经典题和例题，已区分有答案版和无答案版，已建立书签检索）/经典题通关讲义/有答案版/7.品职教育 CFA III 经典题 Capital Market Expectations (补充)有答案.pdf,文件,2024,34725858
品职教育 CFA III 经典题 Ethics（有答案版）.pdf,/cfa三级/Cfa三级2024/Cfa三级 2024/三级24资料包/Cfa三级大佬笔记/第四轮 pz习题汇总（重点做经典题和例题，已区分有答案版和无答案版，已建立书签检索）/经典题通关讲义/有答案版/品职教育 CFA III 经典题 Ethics（有答案版）.pdf,文件,2024,23401000
